Категория,Название,Размер,Имя файла,Ссылка
01 Основные документы,"Выписка из государственной информационной системы «Реестр организаций, осуществляющих образовательную деятельность по имеющим государственную аккредитацию образовательным программам»",,Reestrovaya_vypiska.pdf,https://school56.gosuslugi.ru/netcat_files/32/50/Reestrovaya_vypiska.pdf
01 Основные документы,Изменения и дополнения в коллективный договор №21/22 - 61 на 2025-2028 годы,,Izmeneniya_v_KD.pdf,https://school56.gosuslugi.ru/netcat_files/32/50/Izmeneniya_v_KD.pdf
01 Основные документы,Календарный учебный график на 2025 - 2026 учебный год МБОУ «Средняя школа №56»,,Kalendarnyy_grafik_25_26.docx,https://school56.gosuslugi.ru/netcat_files/32/50/Kalendarnyy_grafik_25_26.docx
01 Основные документы,Коллективный договор,,Kollektivnyy_dogovor_2025.pdf,https://school56.gosuslugi.ru/netcat_files/32/50/Kollektivnyy_dogovor_2025.pdf
01 Основные документы,Лицензия на осуществление образовательной деятельности,,licenzia_2015.pdf,https://school56.gosuslugi.ru/netcat_files/32/50/licenzia_2015.pdf
01 Основные документы,Правила внутреннего распорядка обучающихся,,pol_o_pravilax_vro.pdf,https://school56.gosuslugi.ru/netcat_files/32/50/pol_o_pravilax_vro.pdf
01 Основные документы,Правила внутреннего трудового распорядка,,Pravila_VNUTR_TRUD.RASPORYaDKA_NOVAYa_REDAKTsIYa.pdf,https://school56.gosuslugi.ru/netcat_files/32/50/Pravila_VNUTR_TRUD.RASPORYaDKA_NOVAYa_REDAKTsIYa.pdf
01 Основные документы,Приказ о проведении школьного этапа ВсОШ 23/24,,Prikaz_209_OD_ob_organizatsii_shk_etapa_VSOSh_23_24.pdf,https://school56.gosuslugi.ru/netcat_files/32/50/Prikaz_209_OD_ob_organizatsii_shk_etapa_VSOSh_23_24.pdf
01 Основные документы,Программа развития 2021-2026,,programma_razvitiya_2021.pdf,https://school56.gosuslugi.ru/netcat_files/32/50/programma_razvitiya_2021.pdf
01 Основные документы,Устав образовательной организации,,Ustav_2025_podpisan_ETsP.pdf,https://school56.gosuslugi.ru/netcat_files/32/50/Ustav_2025_podpisan_ETsP.pdf
01 Основные документы,УЧЕБНЫЙ ПЛАН МБОУ «СШ № 56» на 2025 – 2026 учебный год,,UChE_NYY_PLAN_2025_26_konstruktor.pdf,https://school56.gosuslugi.ru/netcat_files/32/50/UChE_NYY_PLAN_2025_26_konstruktor.pdf
02 Публичные отчёты,Публичный доклад за 2025-2026 учебный год,,_Publichnyy_doklad_2025_2026.pdf,https://school56.gosuslugi.ru/netcat_files/32/50/_Publichnyy_doklad_2025_2026.pdf
03 Финансово-хозяйственная деятельность,Муниципальное задание на 2025 год,,MZ_shkola_56_00000007_.pdf,https://school56.gosuslugi.ru/netcat_files/32/50/MZ_shkola_56_00000007_.pdf
03 Финансово-хозяйственная деятельность,Отчет ФХД по итогам 2025 года,,Otchet_FHD_2025.pdf,https://school56.gosuslugi.ru/netcat_files/32/50/Otchet_FHD_2025.pdf
03 Финансово-хозяйственная деятельность,План финансово-хозяйственной деятельности на 2026 год,,plan_FHD_30.12.25.pdf,https://school56.gosuslugi.ru/netcat_files/35/1620/plan_FHD_30.12.25.pdf
04 Защита персональных данных,Политика в отношении обработки персональных данных,,Politika_v_otnoshenii_obrabotki_personal_nyh_dannyh2.pdf,https://school56.gosuslugi.ru/netcat_files/32/50/Politika_v_otnoshenii_obrabotki_personal_nyh_dannyh2.pdf
05 Памятки,Памятка для родителей о правильном питании школьников,,pamyatka_roditely.pdf,https://school56.gosuslugi.ru/netcat_files/105/2831/pamyatka_roditely.pdf
05 Памятки,Памятка Правила здорового питания,,Pamyatka_Pravila_zdorovogo_pitaniya_dlya_shkolmznikov71b6e.pdf,https://school56.gosuslugi.ru/netcat_files/105/2831/Pamyatka_Pravila_zdorovogo_pitaniya_dlya_shkolmznikov71b6e.pdf
05 Памятки,Правила заполнения бланков ЕГЭ,,10._pravila_zapolneniya_blankov_ege_v_2023_godu.pdf,https://school56.gosuslugi.ru/netcat_files/32/50/10._pravila_zapolneniya_blankov_ege_v_2023_godu.pdf
05 Памятки,Профилактика алкоголизма среди подростков,,Profilaktika_alk_uch.pdf,https://school56.gosuslugi.ru/netcat_files/32/50/Profilaktika_alk_uch.pdf
05 Памятки,Профилактика подросткового суицида.,,Profilaktika_rod.pdf,https://school56.gosuslugi.ru/netcat_files/32/50/Profilaktika_rod.pdf
06 Федеральные,Приказ Минпросвещения РФ об утверждении порядка проведения аттестации,,Prikaz_Minprosvescheniya_RF_ob_utverzhdenii_poryadka_provedeniya_attestatsii.docx,https://school56.gosuslugi.ru/netcat_files/32/50/Prikaz_Minprosvescheniya_RF_ob_utverzhdenii_poryadka_provedeniya_attestatsii.docx
06 Федеральные,Федеральный государственный образовательный стандарт дошкольного образования.,,Federal_nyy_gosudarstvennyy_obrazovatel_nyy_standart_doshkol_nogo_obrazovaniya.pdf,https://school56.gosuslugi.ru/netcat_files/32/50/Federal_nyy_gosudarstvennyy_obrazovatel_nyy_standart_doshkol_nogo_obrazovaniya.pdf
07 Планы,График оценочных процедур НОО 2 полугодие,,Grafik_otsenochnyh_protsedur_NOO_2_polugodie_23_24.pdf,https://school56.gosuslugi.ru/netcat_files/32/50/Grafik_otsenochnyh_protsedur_NOO_2_polugodie_23_24.pdf
07 Планы,График оценочных процедур ООО 1 полугодие 2025-2026,,GO_OOO_2025_2026_1_polugodie.pdf,https://school56.gosuslugi.ru/netcat_files/32/50/GO_OOO_2025_2026_1_polugodie.pdf
07 Планы,График оценочных процедур ООО 2 полугодие,,Graf_otsen_prots_OO_23_24_2polugod.pdf,https://school56.gosuslugi.ru/netcat_files/32/50/Graf_otsen_prots_OO_23_24_2polugod.pdf
07 Планы,График оценочных процедур СОО 1 полугодие 2025-2026,,GO_SOO_2025_2026_1_polugodie.pdf,https://school56.gosuslugi.ru/netcat_files/32/50/GO_SOO_2025_2026_1_polugodie.pdf
07 Планы,График оценочных процедур СОО 2 полугодие,,Grafik_otsen_prots_SO_23_24_2_polgod.pdf,https://school56.gosuslugi.ru/netcat_files/32/50/Grafik_otsen_prots_SO_23_24_2_polgod.pdf
07 Планы,Календарный план воспитательной работы на 2024-2025 учебный год,,_nash_Kalendarnyy_plan_vospitatel_noy_raboty24_25_1_.docx,https://school56.gosuslugi.ru/netcat_files/32/50/_nash_Kalendarnyy_plan_vospitatel_noy_raboty24_25_1_.docx
07 Планы,Паспорт дорожной безопасности,,Pasport_dorozhnoy_bezopasnosti.pdf,https://school56.gosuslugi.ru/netcat_files/32/50/Pasport_dorozhnoy_bezopasnosti.pdf
07 Планы,"План внеурочной деятельности МБОУ ""СШ №56""",,_plan_vneurochnoy_deyatel_nosti1_11.docx,https://school56.gosuslugi.ru/netcat_files/32/50/_plan_vneurochnoy_deyatel_nosti1_11.docx
07 Планы,План мероприятий по профилактике экстремизма и терроризма,,Plan_meropriyatiy_po_profilaktike_extremizma_i_terrorizma.pdf,https://school56.gosuslugi.ru/netcat_files/32/50/Plan_meropriyatiy_po_profilaktike_extremizma_i_terrorizma.pdf
07 Планы,"ПЛАН ОРГАНИЗАЦИОННО-ТЕХНИЧЕСКИХ МЕРОПРИЯТИЙ ПО УЛУЧШЕНИЮ УСЛОВИЙ ОХРАНЫ ТРУДА, ЗДОРОВЬЯ РАБОТАЮЩИХ И ДЕТЕЙ НА 2023-2024 УЧЕБНЫЙ ГОД",,Prikaz_200_od_ot_30.08.2024_Ob_utv._plana_OT_meropr._po_uluchsh._usl.OT.docx,https://school56.gosuslugi.ru/netcat_files/32/50/Prikaz_200_od_ot_30.08.2024_Ob_utv._plana_OT_meropr._po_uluchsh._usl.OT.docx
07 Планы,План проведения месячника антинаркотической направленности и популяризации здорового образа жизни в МБОУ «СШ 56»,,Plan_antinarkoticheskogo_mesyachnika.docx,https://school56.gosuslugi.ru/netcat_files/32/50/Plan_antinarkoticheskogo_mesyachnika.docx
07 Планы,Приказ 198 Об организации работ по снижению документационной и бюрократической нагрузки на педагогических работников,,Prikaz_198_Ob_organizatsii_rabot_po_snizheniyu_dokumentatsionnoy_i_byurokraticheskoy_nagruzki_na_pedagogicheskih_rabotnikov.pdf,https://school56.gosuslugi.ru/netcat_files/32/50/Prikaz_198_Ob_organizatsii_rabot_po_snizheniyu_dokumentatsionnoy_i_byurokraticheskoy_nagruzki_na_pedagogicheskih_rabotnikov.pdf
07 Планы,Программа воспитания,,_nasha_programma_vospitaniya_shkoly56.docx,https://school56.gosuslugi.ru/netcat_files/32/50/_nasha_programma_vospitaniya_shkoly56.docx
07 Планы,Программа воспитательной работы летнего пришкольного оздоровительного лагеря с дневным пребыванием детей,,Programma_vospitatel_noy_raboty_letnego_prishkol_nogo_ozdorovitel_nogo_lagerya_s_dnevnym_prebyvaniem_detey_56.pdf,https://school56.gosuslugi.ru/netcat_files/32/50/Programma_vospitatel_noy_raboty_letnego_prishkol_nogo_ozdorovitel_nogo_lagerya_s_dnevnym_prebyvaniem_detey_56.pdf
07 Планы,расписание кружков и секций на 2025-2026 учебный год,,raspisanie_kruzhkov_i_sektsiy_25_26.doc,https://school56.gosuslugi.ru/netcat_files/32/50/raspisanie_kruzhkov_i_sektsiy_25_26.doc
07 Планы,Типовой план по снижению документационной и бюрократической нагрузки на педагогических работников,,Tipovoy_plan_po_snizheniyu_dokumentatsionnoy_i_byurokraticheskoy_nagruzki_na_pedagogicheskih_rabotnikov.pdf,https://school56.gosuslugi.ru/netcat_files/32/50/Tipovoy_plan_po_snizheniyu_dokumentatsionnoy_i_byurokraticheskoy_nagruzki_na_pedagogicheskih_rabotnikov.pdf
08 Отчёты,Отчет о результатах самообследования за 2025 год,,_Samoobsledovanie_za_2025.pdf,https://school56.gosuslugi.ru/netcat_files/32/50/_Samoobsledovanie_za_2025.pdf
10 Локальные нормативные акты,".Планы по устранению недостатков, выявленных в ходе независимой оценки качества",,test_file_18.pdf,https://school56.gosuslugi.ru/netcat_files/32/50/test_file_18.pdf
10 Локальные нормативные акты,.Сведения о принятых по результатам проведения независимой оценки качества поощрительных мерах дисциплинарных взысканиях,,test_file_19.pdf,https://school56.gosuslugi.ru/netcat_files/32/50/test_file_19.pdf
10 Локальные нормативные акты,Договор о сотрудничестве с ИГХТУ,,Dogovor_shkola_IGHTU.pdf,https://school56.gosuslugi.ru/netcat_files/32/50/Dogovor_shkola_IGHTU.pdf
10 Локальные нормативные акты,Заявление на участие в индивидуальном отборе обучающихся в 10 класс.,,10_otbor.pdf,https://school56.gosuslugi.ru/netcat_files/32/50/10_otbor.pdf
10 Локальные нормативные акты,Заявление о приеме в 10 класс,,Zayavlenie_o_prieme_v_10_klass.pdf,https://school56.gosuslugi.ru/netcat_files/32/50/Zayavlenie_o_prieme_v_10_klass.pdf
10 Локальные нормативные акты,Концепция информационной безопасности детей от 28.04.2023,,Kontseptsiya_ot_28.04.2023.pdf,https://school56.gosuslugi.ru/netcat_files/32/50/Kontseptsiya_ot_28.04.2023.pdf
10 Локальные нормативные акты,Локальный нормативный акт о языках обучения,,polozh_iaz.doc,https://school56.gosuslugi.ru/netcat_files/32/50/polozh_iaz.doc
10 Локальные нормативные акты,"О мерах по обеспечению безопасности в период гололеда, образования наледи и сосулек на кровле школы и в связи со сложными погодными условиями.",,Prikaz_08_OD_14.01.2025g._o_merah_po_obespechen.bezop.so_sl._pog.usl.GOLOLED.pdf,https://school56.gosuslugi.ru/netcat_files/32/50/Prikaz_08_OD_14.01.2025g._o_merah_po_obespechen.bezop.so_sl._pog.usl.GOLOLED.pdf
10 Локальные нормативные акты,Образец заявления о приеме на обучение,,2026._Z_A_Ya_V_L_E_N_I_E_v_1_klass.docx,https://school56.gosuslugi.ru/netcat_files/32/50/2026._Z_A_Ya_V_L_E_N_I_E_v_1_klass.docx
10 Локальные нормативные акты,Педагогический состав 2026 по ОП,,Kadry_na_sayt_2026_po_OP.xlsx,https://school56.gosuslugi.ru/netcat_files/171/3076/Kadry_na_sayt_2026_po_OP.xlsx
10 Локальные нормативные акты,Педагогический состав НОО,,Kadry_na_sayt_2026_po_OP_NOO.pdf,https://school56.gosuslugi.ru/netcat_files/171/3076/Kadry_na_sayt_2026_po_OP_NOO.pdf
10 Локальные нормативные акты,Педагогический состав ООО,,Kadry_na_sayt_2026_po_OP_OOO.pdf,https://school56.gosuslugi.ru/netcat_files/171/3076/Kadry_na_sayt_2026_po_OP_OOO.pdf
10 Локальные нормативные акты,Педагогический состав СОО,,Kadry_na_sayt_2026_po_OP_SOO.pdf,https://school56.gosuslugi.ru/netcat_files/171/3076/Kadry_na_sayt_2026_po_OP_SOO.pdf
10 Локальные нормативные акты,"Перечень юридических лиц и индивидуальных предпринимателей, оказывающих услуги по организации питания в общеобразовательной организации",,Perechen_yuridicheskih_lits_i_individual_nyh_predprinimateley.xlsx,https://school56.gosuslugi.ru/netcat_files/32/50/Perechen_yuridicheskih_lits_i_individual_nyh_predprinimateley.xlsx
10 Локальные нормативные акты,"Перечень юридических лиц и индивидуальных предпринимателей, поставляющих (реализующих) пищевые продукты и продовольственное сырье в общеобразовательную организацию",,Perechen_yuridicheskih_lits_i_individual_nyh_predprinimateley_0.xlsx,https://school56.gosuslugi.ru/netcat_files/32/50/Perechen_yuridicheskih_lits_i_individual_nyh_predprinimateley_0.xlsx
10 Локальные нормативные акты,План мероприятий по профилактике экстремизма,,plan_meropriyatiy_po_profilaktike_extremizma.pdf,https://school56.gosuslugi.ru/netcat_files/179/3093/plan_meropriyatiy_po_profilaktike_extremizma.pdf
10 Локальные нормативные акты,положение  об оказании ПОУ,,polozhenie_ob_okazanii_POU_novoe.doc,https://school56.gosuslugi.ru/netcat_files/32/50/polozhenie_ob_okazanii_POU_novoe.doc
10 Локальные нормативные акты,ПОЛОЖЕНИЕ О НАСТАВНИЧЕСТВЕ,,POLOZHENIE_O_NASTAVNICHESTVE.docx,https://school56.gosuslugi.ru/netcat_files/32/50/POLOZHENIE_O_NASTAVNICHESTVE.docx
10 Локальные нормативные акты,"Положение о порядке применения в МБОУ «СШ № 56» сервисов взаимодействия педагогических работников с обучающимися и законными представителями посредством видеоконференцсвязи, быстрого обмена текстовыми сообщениями, файлами, фото-, аудио- и видеоинформацией",,Polozhenie_Sferum.docx,https://school56.gosuslugi.ru/netcat_files/32/50/Polozhenie_Sferum.docx
10 Локальные нормативные акты,Положение о режиме занятий обучающихся,,p_rezhim_obuh_2018.pdf,https://school56.gosuslugi.ru/netcat_files/32/50/p_rezhim_obuh_2018.pdf
10 Локальные нормативные акты,Положение о системе видеонаблюдения,,Polozhenie_o_sisteme_videonablyudeniya.pdf,https://school56.gosuslugi.ru/netcat_files/32/50/Polozhenie_o_sisteme_videonablyudeniya.pdf
10 Локальные нормативные акты,Положение об очно-заочной форме обучения,,Polozhenie_ob_ochno_zaochnoy_forme_obucheniya.pdf,https://school56.gosuslugi.ru/netcat_files/32/50/Polozhenie_ob_ochno_zaochnoy_forme_obucheniya.pdf
10 Локальные нормативные акты,"Положение об электронном обучении и использовании дистанционных образовательных технологий в образовательном процессе в МБОУ ""СШ № 56""",,Polozhenie_ob_organizacii_obrazovatelnogo_processa_s_primeneniem_ehlektronnogo_obucheniya.docx,https://school56.gosuslugi.ru/netcat_files/32/50/Polozhenie_ob_organizacii_obrazovatelnogo_processa_s_primeneniem_ehlektronnogo_obucheniya.docx
10 Локальные нормативные акты,"Порядок и основания перевода, отчисления и восстановления обучающихся",,pol_o_poryadke_perevoda_otcisteniya.pdf,https://school56.gosuslugi.ru/netcat_files/32/50/pol_o_poryadke_perevoda_otcisteniya.pdf
10 Локальные нормативные акты,"Порядок оформления возникновения, приостановления и прекращения отношений между образовательной организацией и обучающимися и (или) родителями (законными представителями) несовершеннолетних обучающихся",,pol_o_poryadke_perevoda_otcisteniya_0.pdf,https://school56.gosuslugi.ru/netcat_files/32/50/pol_o_poryadke_perevoda_otcisteniya_0.pdf
10 Локальные нормативные акты,Порядок проведения ГИА-9,,Poryadok_GIA9_2023.pdf,https://school56.gosuslugi.ru/netcat_files/32/50/Poryadok_GIA9_2023.pdf
10 Локальные нормативные акты,Правила подачи апелляции,,Podacha_appelyatsii_v_2023g.pdf,https://school56.gosuslugi.ru/netcat_files/32/50/Podacha_appelyatsii_v_2023g.pdf
10 Локальные нормативные акты,Правила приема обучающихся,,pravila_priema_22.pdf,https://school56.gosuslugi.ru/netcat_files/32/50/pravila_priema_22.pdf
10 Локальные нормативные акты,ПРАВИЛА приема обучающихся в муниципальное бюджетное общеобразовательное учреждение «Средняя школа № 56»,,2._Pravila_priema_obuchayuschihsya_2023_2024_2_.pdf,https://school56.gosuslugi.ru/netcat_files/32/50/2._Pravila_priema_obuchayuschihsya_2023_2024_2_.pdf
10 Локальные нормативные акты,"Предписания контрольно-надзорных органов, отчеты об их исполнении",,akt_rpnz_170.pdf,https://school56.gosuslugi.ru/netcat_files/32/50/akt_rpnz_170.pdf
10 Локальные нормативные акты,Приказ на изменение в положение об оплате учителей с 01.03.2025,,Prikaz_na_izmenenie_v_polozhenie_ob_olate_uchiteley_s_01.03.2025.pdf,https://school56.gosuslugi.ru/netcat_files/32/50/Prikaz_na_izmenenie_v_polozhenie_ob_olate_uchiteley_s_01.03.2025.pdf
10 Локальные нормативные акты,Приказ о внесении изменений в Положение о пропускном режиме,,Prikaz_o_vnesenii_izmeneniy_v_Polozhenie_o_propusknom_rezhime.pdf,https://school56.gosuslugi.ru/netcat_files/32/50/Prikaz_o_vnesenii_izmeneniy_v_Polozhenie_o_propusknom_rezhime.pdf
10 Локальные нормативные акты,Приказ О сроках проведения индивидуального отбора в профильный класс в МБОУ «СШ № 56» для получения среднего общего образования в 2026-2027 уч. г.,,Prikaz_priem_v_10_klass.pdf,https://school56.gosuslugi.ru/netcat_files/32/50/Prikaz_priem_v_10_klass.pdf
10 Локальные нормативные акты,Приказ об утверждении региональных инновационных площадок,,RIP_2026.pdf,https://school56.gosuslugi.ru/netcat_files/180/3092/RIP_2026.pdf
10 Локальные нормативные акты,Проведение Всероссийских проверочных работ (ВПР),,Poryadok_provedeniya_vserossiyskih_proverochnyh_rabot_v_2023_godu.pdf,https://school56.gosuslugi.ru/netcat_files/32/50/Poryadok_provedeniya_vserossiyskih_proverochnyh_rabot_v_2023_godu.pdf
10 Локальные нормативные акты,Распорядительный акт о закреплении организации за конкретными территориями,,postanovlenie_21.01.2013_o_zakreplenii_mikrouchastkov.doc,https://school56.gosuslugi.ru/netcat_files/32/50/postanovlenie_21.01.2013_o_zakreplenii_mikrouchastkov.doc
10 Локальные нормативные акты,Указ президента Российской Федерации «Об утверждении доктрины информационной безопасности Российской Федерации»,,Ukaz.pdf,https://school56.gosuslugi.ru/netcat_files/32/50/Ukaz.pdf
10 Локальные нормативные акты,Федеральный государственный образовательный стандарт начального общего образования.,,Federal_nyy_gosudarstvennyy_obrazovatel_nyy_standart_nachal_nogo_obschego_obrazovaniya.docx.pdf,https://school56.gosuslugi.ru/netcat_files/32/50/Federal_nyy_gosudarstvennyy_obrazovatel_nyy_standart_nachal_nogo_obschego_obrazovaniya.docx.pdf
10 Локальные нормативные акты,Федеральный государственный образовательный стандарт основного общего образования.,,Federal_nyy_gosudarstvennyy_obrazovatel_nyy_standart_osnovnogo_obschego_obrazovaniya.pdf,https://school56.gosuslugi.ru/netcat_files/32/50/Federal_nyy_gosudarstvennyy_obrazovatel_nyy_standart_osnovnogo_obschego_obrazovaniya.pdf
10 Локальные нормативные акты,Федеральный государственный образовательный стандарт среднего общего образования.,,Federal_nyy_gosudarstvennyy_obrazovatel_nyy_standart_srednego_obschego_obrazovaniya.pdf,https://school56.gosuslugi.ru/netcat_files/32/50/Federal_nyy_gosudarstvennyy_obrazovatel_nyy_standart_srednego_obschego_obrazovaniya.pdf
10 Локальные нормативные акты,Федеральный закон «О персональных данных»,,152fz_O_persrnal_nyh_dannyh.pdf,https://school56.gosuslugi.ru/netcat_files/32/50/152fz_O_persrnal_nyh_dannyh.pdf
10 Локальные нормативные акты,Форма апелляции о несогласии с выставленными баллами,,Forma_apellyatsii_o_nesoglasii_s_vystavlennymi_ballami.pdf,https://school56.gosuslugi.ru/netcat_files/32/50/Forma_apellyatsii_o_nesoglasii_s_vystavlennymi_ballami.pdf
10 Локальные нормативные акты,"Формы, периодичность и порядок текущего контроля успеваемости и промежуточной аттестации обучающихся",,polojenit_usp_2022.pdf,https://school56.gosuslugi.ru/netcat_files/32/50/polojenit_usp_2022.pdf
10 Локальные нормативные акты,ЭКОНОМИКА_Результаты_школьного_этапа_ВсОШ,,EKONOMIKA_Rezul_taty_shkol_nogo_etapa_VsOSh.pdf,https://school56.gosuslugi.ru/netcat_files/32/50/EKONOMIKA_Rezul_taty_shkol_nogo_etapa_VsOSh.pdf
11 Платные образовательные услуги,Образец договора об оказании платных образовательных услуг,,dogovor22.pdf,https://school56.gosuslugi.ru/netcat_files/32/50/dogovor22.pdf
11 Платные образовательные услуги,Порядок оказания платных образовательных услуг,,polog_pou_22.pdf,https://school56.gosuslugi.ru/netcat_files/32/50/polog_pou_22.pdf
11 Платные образовательные услуги,Утверждение стоимости обучения (по каждой образовательной программе),,cci13122022_0002.jpg,https://school56.gosuslugi.ru/netcat_files/32/50/cci13122022_0002.jpg
12 Прочие,Английский язык_Результаты_школьного_этапа_ВсОШ,,Angliyskiy_yazyk.pdf,https://school56.gosuslugi.ru/netcat_files/32/50/Angliyskiy_yazyk.pdf
12 Прочие,География_Результаты_школьного_этапа_ВсОШ,,Geografiya.pdf,https://school56.gosuslugi.ru/netcat_files/32/50/Geografiya.pdf
12 Прочие,Литература_Результаты_школьного_этапа_ВсОШ,,Literatura.pdf,https://school56.gosuslugi.ru/netcat_files/32/50/Literatura.pdf
12 Прочие,Меню приготавливаемых блюд  для детей с 1 по 4 класс,,Menyu_IVANOVO_s_1_po_4_klass_dlya_monitoringa_pitaniya_RF.xls,https://school56.gosuslugi.ru/netcat_files/49/484/Menyu_IVANOVO_s_1_po_4_klass_dlya_monitoringa_pitaniya_RF.xls
12 Прочие,ПРАВО_Результаты_школьного_этапа_ВсОШ,,PRAVO_Rezul_taty_shkol_nogo_etapa_VsOSh.pdf,https://school56.gosuslugi.ru/netcat_files/32/50/PRAVO_Rezul_taty_shkol_nogo_etapa_VsOSh.pdf
12 Прочие,Примерное двухнедельное меню двухразового питания для детей с 1 по 4 класс (за 2026 год),,menyu_12.01.26.pdf,https://school56.gosuslugi.ru/netcat_files/49/484/menyu_12.01.26.pdf
12 Прочие,Примерное десятидневное меню для детей страдающих диабетом,,Primernoe_desyatidnevnoe_menyu_dlya_detey_stradayuschih_diabetom.xls,https://school56.gosuslugi.ru/netcat_files/49/484/Primernoe_desyatidnevnoe_menyu_dlya_detey_stradayuschih_diabetom.xls
12 Прочие,рейтинг профиль на 2025-2026уч.г. гуманитарный,,reyting_profil_na_2025_2026uch.g._gumanitarnyy_na_sayt.pdf,https://school56.gosuslugi.ru/netcat_files/32/50/reyting_profil_na_2025_2026uch.g._gumanitarnyy_na_sayt.pdf
12 Прочие,рейтинг профиль на 2026-2027уч.г. технологический (инженерный),,reyting_inzhenernyy_profil_na_2026_2027uch.g._ot_30.07.2026_dlya_vystavleniya_na_sayt.pdf,https://school56.gosuslugi.ru/netcat_files/32/50/reyting_inzhenernyy_profil_na_2026_2027uch.g._ot_30.07.2026_dlya_vystavleniya_na_sayt.pdf
12 Прочие,РУС_ЯЗЫК_Результаты_школьного_этапа_ВсОШ,,RUS_YaZYK_Rezul_taty_shkol_nogo_etapa_VsOSh.pdf,https://school56.gosuslugi.ru/netcat_files/32/50/RUS_YaZYK_Rezul_taty_shkol_nogo_etapa_VsOSh.pdf
12 Прочие,Физика_Результаты_школьного_этапа_ВсОШ,,Fizika.pdf,https://school56.gosuslugi.ru/netcat_files/32/50/Fizika.pdf
13 Олимпиады,Аналитический отчёт по школьному этапу ВСОШ в 2025-2026 учебном году.,,analiticheskiy_otchet_2025.docx,https://school56.gosuslugi.ru/netcat_files/32/50/analiticheskiy_otchet_2025.docx
13 Олимпиады,График проведения школьного этапа всероссийской олимпиады школьников в 2026-2027 учебном году,,GRAFIK.docx,https://school56.gosuslugi.ru/netcat_files/32/50/GRAFIK.docx
13 Олимпиады,Общий_протокол_ВСОШ_школьный_этап_2025_2026_уч_год,,Obschiy_protokol_VSOSh_shkol_nyy_etap_2025_2026_uch_god.pdf,https://school56.gosuslugi.ru/netcat_files/32/50/Obschiy_protokol_VSOSh_shkol_nyy_etap_2025_2026_uch_god.pdf
13 Олимпиады,Приказ о проведении школьного этапа всероссийской олимпиады школьников в 2026-2027 учебном году,,Prikaz_206_ot_01.09_VSOSh_she.pdf,https://school56.gosuslugi.ru/netcat_files/32/50/Prikaz_206_ot_01.09_VSOSh_she.pdf
14 ГИА,О правилах проведения ГИА-9,,Prikaz_o_formah_zayavleniy_prilozheniya.pdf,https://school56.gosuslugi.ru/netcat_files/32/50/Prikaz_o_formah_zayavleniy_prilozheniya.pdf
14 ГИА,Порядок подачи заявлений на участие в ГИА-11,,2._Poryadok_podachi_zayavleniy_na_uchastie_v_GIA.docx,https://school56.gosuslugi.ru/netcat_files/32/50/2._Poryadok_podachi_zayavleniy_na_uchastie_v_GIA.docx
14 ГИА,"Приказ Департамента образования и науки Ивановской области от 10.12.2024 № 1394-о ""Об утверждении документов ...""",,1._Prikaz_Departamenta_ot_10.12.2024_1394_o.pdf,https://school56.gosuslugi.ru/netcat_files/32/50/1._Prikaz_Departamenta_ot_10.12.2024_1394_o.pdf
14 ГИА,Приказ Департамента образования и науки Ивановской области № 118-о от 13.02.2026 « Об утверждении пунктов проведения ГИА по образовательным программам среднего общего образования основного периода в 2026году »,,PPE_osnovnogo_perioda.pdf,https://school56.gosuslugi.ru/netcat_files/32/50/PPE_osnovnogo_perioda.pdf
14 ГИА,"Приказ Министерства просвещения Российской Федерации (Минпросвещения России) и Федеральной службы по надзору в сфере образования и науки (Рособрнадзор) от 04.04.2023 №233/552 ""Об утверждении Порядка проведения государственной итоговой аттестации по образовательным программам среднего общего образования""",,233_552.pdf,https://school56.gosuslugi.ru/netcat_files/32/50/233_552.pdf
14 ГИА,Приказ об утверждении единого расписания и продолжительности проведения ЕГЭ по каждому предмету,,RASPISANIE_EGE.pdf,https://school56.gosuslugi.ru/netcat_files/32/50/RASPISANIE_EGE.pdf
14 ГИА,СПИСОК мест регистрации на сдачу ЕГЭ,,3._Mesta_registratsii.docx,https://school56.gosuslugi.ru/netcat_files/32/50/3._Mesta_registratsii.docx
15 Охрана труда,Перечень рекомендуемых мероприятий по улучшению условий труда,,perechen_meropriyatiy.pdf,https://school56.gosuslugi.ru/netcat_files/32/50/perechen_meropriyatiy.pdf
15 Охрана труда,Сводная ведомость результатов СОУТ 2026,,svodnaya_vedomost_.pdf,https://school56.gosuslugi.ru/netcat_files/32/50/svodnaya_vedomost_.pdf
16 Файлы из других разделов сайта,0001202009110040.pdf,,0001202009110040.pdf,https://school56.gosuslugi.ru/netcat_files/114/2992/0001202009110040.pdf
16 Файлы из других разделов сайта,_306_ot_18.02.2025.pdf,,_306_ot_18.02.2025.pdf,https://school56.gosuslugi.ru/netcat_files/114/2992/_306_ot_18.02.2025.pdf
16 Файлы из других разделов сайта,Adaptirovannaya_OOP_NOO_variant_2.2.docx,,Adaptirovannaya_OOP_NOO_variant_2.2.docx,https://school56.gosuslugi.ru/netcat_files/67/1847/Adaptirovannaya_OOP_NOO_variant_2.2.docx
16 Файлы из других разделов сайта,Adaptirovannaya_OOP_NOO_variant_2.2.docx,,Adaptirovannaya_OOP_NOO_variant_2.2.docx,https://school56.gosuslugi.ru/netcat_files/67/3067/Adaptirovannaya_OOP_NOO_variant_2.2.docx
16 Файлы из других разделов сайта,Adaptirovannaya_OOP_NOO_variant_7.2.docx,,Adaptirovannaya_OOP_NOO_variant_7.2.docx,https://school56.gosuslugi.ru/netcat_files/67/1847/Adaptirovannaya_OOP_NOO_variant_7.2.docx
16 Файлы из других разделов сайта,Adaptirovannaya_OOP_NOO_variant_7.2.docx,,Adaptirovannaya_OOP_NOO_variant_7.2.docx,https://school56.gosuslugi.ru/netcat_files/67/3068/Adaptirovannaya_OOP_NOO_variant_7.2.docx
16 Файлы из других разделов сайта,Diplom_uchastie_v_munitsipal_nom_etape_Veselyy_svetofor.pdf,,Diplom_uchastie_v_munitsipal_nom_etape_Veselyy_svetofor.pdf,https://school56.gosuslugi.ru/netcat_files/121/2990/Diplom_uchastie_v_munitsipal_nom_etape_Veselyy_svetofor.pdf
16 Файлы из других разделов сайта,Kartochki_po_Kibierbiezopasnosti.zip,,Kartochki_po_Kibierbiezopasnosti.zip,https://school56.gosuslugi.ru/netcat_files/32/50/Kartochki_po_Kibierbiezopasnosti.zip
16 Файлы из других разделов сайта,Krynichka_24_26.doc,,Krynichka_24_26.doc,https://school56.gosuslugi.ru/netcat_files/67/3071/Krynichka_24_26.doc
16 Файлы из других разделов сайта,licenzia_2015.pdf,,licenzia_2015.pdf,https://school56.gosuslugi.ru/netcat_files/67/1847/licenzia_2015.pdf
16 Файлы из других разделов сайта,n31loytagaiygjzv1gxrdg8w4pb2ngwx_1.pdf,,n31loytagaiygjzv1gxrdg8w4pb2ngwx_1.pdf,https://school56.gosuslugi.ru/netcat_files/userfiles/1/bezopasnost/n31loytagaiygjzv1gxrdg8w4pb2ngwx_1.pdf
16 Файлы из других разделов сайта,NOO.pdf,,NOO.pdf,https://school56.gosuslugi.ru/netcat_files/67/1847/NOO.pdf
16 Файлы из других разделов сайта,NOO.pdf,,NOO.pdf,https://school56.gosuslugi.ru/netcat_files/67/3066/NOO.pdf
16 Файлы из других разделов сайта,OOP_OOO_2023.pdf,,OOP_OOO_2023.pdf,https://school56.gosuslugi.ru/netcat_files/67/3002/OOP_OOO_2023.pdf
16 Файлы из других разделов сайта,OOP_OOO_2025.pdf,,OOP_OOO_2025.pdf,https://school56.gosuslugi.ru/netcat_files/67/1847/OOP_OOO_2025.pdf
16 Файлы из других разделов сайта,OOP_OOO_2025.pdf,,OOP_OOO_2025.pdf,https://school56.gosuslugi.ru/netcat_files/67/3002/OOP_OOO_2025.pdf
16 Файлы из других разделов сайта,OOP_SOO_2025.pdf,,OOP_SOO_2025.pdf,https://school56.gosuslugi.ru/netcat_files/67/1847/OOP_SOO_2025.pdf
16 Файлы из других разделов сайта,OOP_SOO_2025.pdf,,OOP_SOO_2025.pdf,https://school56.gosuslugi.ru/netcat_files/67/3070/OOP_SOO_2025.pdf
16 Файлы из других разделов сайта,Pamyatka_dlya_naseleniya_pri_artobstrele.pdf,,Pamyatka_dlya_naseleniya_pri_artobstrele.pdf,https://school56.gosuslugi.ru/netcat_files/userfiles/1/bezopasnost/Pamyatka_dlya_naseleniya_pri_artobstrele.pdf
16 Файлы из других разделов сайта,Pamyatka_dlya_roditeley_Bezopasnyy_put_do_shkoly_.pdf,,Pamyatka_dlya_roditeley_Bezopasnyy_put_do_shkoly_.pdf,https://school56.gosuslugi.ru/netcat_files/121/2990/Pamyatka_dlya_roditeley_Bezopasnyy_put_do_shkoly_.pdf
16 Файлы из других разделов сайта,Pamyatka_dlya_roditeley_voditeley_Ne_ostavlyayte_detey_v_salone_avtomobilya_.pdf,,Pamyatka_dlya_roditeley_voditeley_Ne_ostavlyayte_detey_v_salone_avtomobilya_.pdf,https://school56.gosuslugi.ru/netcat_files/121/2990/Pamyatka_dlya_roditeley_voditeley_Ne_ostavlyayte_detey_v_salone_avtomobilya_.pdf
16 Файлы из других разделов сайта,Pamyatka_minnaya_opasnost.pdf,,Pamyatka_minnaya_opasnost.pdf,https://school56.gosuslugi.ru/netcat_files/userfiles/1/bezopasnost/Pamyatka_minnaya_opasnost.pdf
16 Файлы из других разделов сайта,Pamyatka_Minprosvescheniya_Deystviya_pri_obnaruzhenii_beshoznogo_predmeta_.pdf,,Pamyatka_Minprosvescheniya_Deystviya_pri_obnaruzhenii_beshoznogo_predmeta_.pdf,https://school56.gosuslugi.ru/netcat_files/121/3069/Pamyatka_Minprosvescheniya_Deystviya_pri_obnaruzhenii_beshoznogo_predmeta_.pdf
16 Файлы из других разделов сайта,Pamyatka_obuch.pdf,,Pamyatka_obuch.pdf,https://school56.gosuslugi.ru/netcat_files/32/50/Pamyatka_obuch.pdf
16 Файлы из других разделов сайта,Pamyatka_protivopehotnye_miny.pdf,,Pamyatka_protivopehotnye_miny.pdf,https://school56.gosuslugi.ru/netcat_files/userfiles/1/bezopasnost/Pamyatka_protivopehotnye_miny.pdf
16 Файлы из других разделов сайта,Pamyatka_rod.pdf,,Pamyatka_rod.pdf,https://school56.gosuslugi.ru/netcat_files/32/50/Pamyatka_rod.pdf
16 Файлы из других разделов сайта,Pamyatka_voditelyam.pdf,,Pamyatka_voditelyam.pdf,https://school56.gosuslugi.ru/netcat_files/121/2990/Pamyatka_voditelyam.pdf
16 Файлы из других разделов сайта,Plan_antinarkoticheskogo_mesyachnika.docx,,Plan_antinarkoticheskogo_mesyachnika.docx,https://school56.gosuslugi.ru/netcat_files/173/3064/Plan_antinarkoticheskogo_mesyachnika.docx
16 Файлы из других разделов сайта,Plan_grafik_dorozhnaya_karta_meropriyatiy_.docx,,Plan_grafik_dorozhnaya_karta_meropriyatiy_.docx,https://school56.gosuslugi.ru/netcat_files/121/2990/Plan_grafik_dorozhnaya_karta_meropriyatiy_.docx
16 Файлы из других разделов сайта,Plan_raboty_otryada_YuID_na_2024_2025.docx,,Plan_raboty_otryada_YuID_na_2024_2025.docx,https://school56.gosuslugi.ru/netcat_files/121/2990/Plan_raboty_otryada_YuID_na_2024_2025.docx
16 Файлы из других разделов сайта,primer.pdf,,primer.pdf,https://school56.gosuslugi.ru/netcat_files/32/50/primer.pdf
16 Файлы из других разделов сайта,primer_0.pdf,,primer_0.pdf,https://school56.gosuslugi.ru/netcat_files/32/50/primer_0.pdf
16 Файлы из других разделов сайта,primer_1.pdf,,primer_1.pdf,https://school56.gosuslugi.ru/netcat_files/32/50/primer_1.pdf
16 Файлы из других разделов сайта,primer_2.pdf,,primer_2.pdf,https://school56.gosuslugi.ru/netcat_files/32/50/primer_2.pdf
16 Файлы из других разделов сайта,primer_3.pdf,,primer_3.pdf,https://school56.gosuslugi.ru/netcat_files/32/50/primer_3.pdf
16 Файлы из других разделов сайта,Programma_Diligenskaya_.doc,,Programma_Diligenskaya_.doc,https://school56.gosuslugi.ru/netcat_files/67/3071/Programma_Diligenskaya_.doc
16 Файлы из других разделов сайта,Raspisanie_1_smena_25_26.xlsx,,Raspisanie_1_smena_25_26.xlsx,https://school56.gosuslugi.ru/netcat_files/24/2793/Raspisanie_1_smena_25_26.xlsx
16 Файлы из других разделов сайта,Raspisanie_2_smena_2025_26.xlsx,,Raspisanie_2_smena_2025_26.xlsx,https://school56.gosuslugi.ru/netcat_files/24/2793/Raspisanie_2_smena_2025_26.xlsx
16 Файлы из других разделов сайта,Raspisanie_NOO.docx,,Raspisanie_NOO.docx,https://school56.gosuslugi.ru/netcat_files/24/2793/Raspisanie_NOO.docx
16 Файлы из других разделов сайта,Reestrovaya_vypiska.pdf,,Reestrovaya_vypiska.pdf,https://school56.gosuslugi.ru/netcat_files/67/1847/Reestrovaya_vypiska.pdf
16 Файлы из других разделов сайта,reyting_estestv-nauchn._profil_na_2026-2027uch.g._ot_30.07.2026_dlya_vystavleniya_na_sayt.pdf,,reyting_estestv-nauchn._profil_na_2026-2027uch.g._ot_30.07.2026_dlya_vystavleniya_na_sayt.pdf,https://school56.gosuslugi.ru/netcat_files/userfiles/reyting_estestv-nauchn._profil_na_2026-2027uch.g._ot_30.07.2026_dlya_vystavleniya_na_sayt.pdf
16 Файлы из других разделов сайта,reyting_gumanitarn._profil_na_2026-2027uch.g._na_30.07.2026_dlya_vystavleniya_na_sayt.pdf,,reyting_gumanitarn._profil_na_2026-2027uch.g._na_30.07.2026_dlya_vystavleniya_na_sayt.pdf,https://school56.gosuslugi.ru/netcat_files/userfiles/reyting_gumanitarn._profil_na_2026-2027uch.g._na_30.07.2026_dlya_vystavleniya_na_sayt.pdf
16 Файлы из других разделов сайта,reyting_inzhenernyy_profil_na_2026-2027uch.g._ot_30.07.2026_dlya_vystavleniya_na_sayt.pdf,,reyting_inzhenernyy_profil_na_2026-2027uch.g._ot_30.07.2026_dlya_vystavleniya_na_sayt.pdf,https://school56.gosuslugi.ru/netcat_files/userfiles/reyting_inzhenernyy_profil_na_2026-2027uch.g._ot_30.07.2026_dlya_vystavleniya_na_sayt.pdf
16 Файлы из других разделов сайта,ShahmatyRabochaya_programma_KTP_2025_26.docx,,ShahmatyRabochaya_programma_KTP_2025_26.docx,https://school56.gosuslugi.ru/netcat_files/67/3071/ShahmatyRabochaya_programma_KTP_2025_26.docx
16 Файлы из других разделов сайта,Sovety_logopeda.pdf,,Sovety_logopeda.pdf,https://school56.gosuslugi.ru/netcat_files/110/7358/Sovety_logopeda.pdf
16 Файлы из других разделов сайта,Test1.pdf,,Test1.pdf,https://school56.gosuslugi.ru/netcat_files/userfiles/1/Testi/Test1.pdf
16 Файлы из других разделов сайта,Test2.pdf,,Test2.pdf,https://school56.gosuslugi.ru/netcat_files/userfiles/1/Testi/Test2.pdf
16 Файлы из других разделов сайта,Test3.pdf,,Test3.pdf,https://school56.gosuslugi.ru/netcat_files/userfiles/1/Testi/Test3.pdf
16 Файлы из других разделов сайта,Tipy_vzryvoopasnyh_predmetov.pdf,,Tipy_vzryvoopasnyh_predmetov.pdf,https://school56.gosuslugi.ru/netcat_files/userfiles/1/bezopasnost/Tipy_vzryvoopasnyh_predmetov.pdf
16 Файлы из других разделов сайта,YuID_uchastie_v_konkurse.docx,,YuID_uchastie_v_konkurse.docx,https://school56.gosuslugi.ru/netcat_files/121/2990/YuID_uchastie_v_konkurse.docx
16 Файлы из других разделов сайта,Zayavlenie_na_zachislenie_v_10_klass.docx,,Zayavlenie_na_zachislenie_v_10_klass.docx,https://school56.gosuslugi.ru/netcat_files/userfiles/Zayavlenie_na_zachislenie_v_10_klass.docx
